nguong,do_phu,do_chinh_xac,so_mau
0.0,1.0,0.8751156336725254,2162
0.05,1.0,0.8751156336725254,2162
0.1,1.0,0.8751156336725254,2162
0.15,0.996299722479186,0.8783658310120706,2154
0.2,0.9930619796484736,0.8807638565440149,2147
0.25,0.9893617021276596,0.8831229546517064,2139
0.3,0.9856614246068455,0.8859690286250587,2131
0.35,0.9787234042553191,0.889413988657845,2116
0.4,0.9671600370027752,0.8938307030129125,2091
0.45,0.9528214616096207,0.9,2060
0.5,0.9375578168362627,0.9072520966946226,2027
0.55,0.9172062904717854,0.9142713061018659,1983
0.6,0.9014801110083256,0.9220112878399179,1949
0.65,0.8802035152636448,0.9274829217025748,1903
0.7,0.8543015726179464,0.9334055224688684,1847
0.75,0.832099907493062,0.9377431906614786,1799
0.8,0.7858464384828863,0.9476162448499117,1699
0.85,0.7321924144310823,0.9608338597599495,1583
0.9,0.6313598519888992,0.9758241758241758,1365
0.95,0.09898242368177614,0.9672897196261683,214
