epoch,loss,train_acc,lr,val_acc,val_macro_f1,val_top5,sec
0,4.686948038637638,0.10205078125,9.999999999999999e-05,0.09468822170900693,0.0638621047574321,0.31485758275596615,21.06358003616333
1,3.8193354699760675,0.2274169921875,0.00019999999999999998,0.3187066974595843,0.2705023565911844,0.7066974595842956,19.04218864440918
2,2.9787914007902145,0.3763427734375,0.0003,0.4341801385681293,0.389500704442598,0.8398768283294842,19.158843994140625
3,2.501312481239438,0.4739990234375,0.000299877112487625,0.5473441108545035,0.5235349989923994,0.8945342571208622,19.183526277542114
4,2.2304346999153495,0.5516357421875,0.00029950477693284306,0.6150885296381832,0.5918154786270243,0.9199384141647421,19.211416006088257
5,2.0457532731816173,0.611572265625,0.00029888360543135805,0.6612779060816012,0.6373590482998696,0.9322555812163202,19.10245704650879
6,1.9074714528396726,0.6591796875,0.0002980146318618314,0.7197844495765974,0.6960586491753796,0.9530408006158584,19.17632031440735
7,1.8436692208051682,0.6710205078125,0.0002968993025450113,0.7136258660508084,0.6902774923407522,0.9576597382602001,19.13888692855835
8,1.7514738300815225,0.7064208984375,0.0002955394738364746,0.7413394919168591,0.7226704541938168,0.9591993841416474,18.988746881484985
9,1.685616840608418,0.728271484375,0.00029393740903690637,0.7013086989992302,0.6838301108987477,0.9422632794457275,19.21228575706482
10,1.6387128038331866,0.746826171875,0.00029209577462505906,0.7775211701308699,0.7682068385283138,0.9645881447267128,19.59623694419861
11,1.5959331085905433,0.7532958984375,0.00029001763581966173,0.7505773672055427,0.7394042870666564,0.9638183217859893,19.07846713066101
12,1.5521127954125404,0.7657470703125,0.0002877064514776663,0.7798306389530408,0.7628308580598224,0.9692070823710547,18.966110229492188
13,1.5334700336679816,0.7777099609375,0.00028516606833732105,0.7813702848344881,0.7677826252568679,0.9722863741339491,19.34914207458496
14,1.4906905554234982,0.790771484375,0.0002824007146156549,0.7705927636643572,0.7500448163113803,0.9668976135488837,19.25523567199707
15,1.4663602728396654,0.8004150390625,0.000279414992971027,0.7798306389530408,0.7643790880863018,0.9645881447267128,19.1215922832489
16,1.4468808062374592,0.8062744140625,0.0002762138728424566,0.8144726712856043,0.8078419779668514,0.9676674364896074,19.21818518638611
17,1.4145183702930808,0.8167724609375,0.00027280268217848167,0.7998460354118553,0.7786719324405534,0.9661277906081601,19.36512780189514
18,1.4013194143772125,0.8203125,0.000269187098569315,0.8229407236335643,0.8060191141781662,0.9699769053117783,19.14107394218445
19,1.3672028053551912,0.829833984375,0.00026537313979705496,0.812933025404157,0.801712956116925,0.970746728252502,19.109458446502686
20,1.3609198750928044,0.831787109375,0.0002613671538196817,0.821401077752117,0.8076009241190564,0.9722863741339491,19.208482027053833
21,1.345658477395773,0.839111328125,0.00025717580820550697,0.821401077752117,0.8178830783682906,0.9730561970746728,18.758264303207397
22,1.3436851557344198,0.8399658203125,0.0002528060790356654,0.8098537336412626,0.8006783653427294,0.970746728252502,18.892574071884155
23,1.316194662824273,0.8465576171875,0.00024826523929311506,0.812933025404157,0.8013671749794631,0.968437259430331,18.930800437927246
24,1.3010822031646967,0.856689453125,0.00024356084675747588,0.8367975365665897,0.827695332280553,0.9761354888375674,19.151018381118774
25,1.2862379839643836,0.8602294921875,0.00023870073142585071,0.8383371824480369,0.8273458162985687,0.9745958429561201,18.99176335334778
26,1.2761045014485717,0.867919921875,0.00023369298248056847,0.8429561200923787,0.8288930186216554,0.9730561970746728,19.12190556526184
27,1.2581245582550764,0.87255859375,0.00022854593482553794,0.8352578906851424,0.8223407209630832,0.9776751347190146,19.007757663726807
28,1.2359692947939038,0.8800048828125,0.00022326815521362303,0.8344880677444187,0.8259692483521107,0.9753656658968437,19.10536503791809
29,1.2432850087061524,0.8763427734375,0.0002178684279881282,0.8406466512702079,0.829583449444603,0.9753656658968437,18.915035247802734
30,1.231556622311473,0.8773193359375,0.00021235574046212565,0.8483448806774442,0.837235581109035,0.9753656658968437,19.193958520889282
31,1.2146312668919563,0.884765625,0.0002067392679599599,0.8583525789068515,0.8481229881635277,0.9730561970746728,19.20107364654541
32,1.2061085300520062,0.8917236328125,0.00020102835854582583,0.8545034642032333,0.8440649546944188,0.9730561970746728,19.108686685562134
33,1.2107961289584637,0.887939453125,0.00019523251746483838,0.8452655889145496,0.8362472810981361,0.968437259430331,19.086865186691284
34,1.191707349382341,0.8948974609375,0.0001893613913224901,0.8552732871439569,0.844595271521248,0.9799846035411856,19.102598190307617
35,1.189905695617199,0.8997802734375,0.00018342475202882844,0.850654349499615,0.845674475235261,0.9753656658968437,19.04611611366272
36,1.1704569132998586,0.90185546875,0.00017743248053407563,0.8475750577367206,0.8401526759118673,0.9745958429561201,18.92606019973755
37,1.1598386662080884,0.904541015625,0.0001713945503827625,0.8437259430331023,0.8337301191780015,0.9753656658968437,18.984562873840332
38,1.1555250347591937,0.9073486328125,0.0001653210111137476,0.8391070053887606,0.8278176135997773,0.9753656658968437,18.91002082824707
39,1.1370117757469416,0.9166259765625,0.00015922197153375167,0.8537336412625096,0.8447626690669259,0.9738260200153964,19.218801736831665
40,1.1399904089048505,0.9130859375,0.00015310758289224647,0.8560431100846805,0.8412909784072807,0.9738260200153964,19.14164400100708
41,1.1293178936466575,0.919677734375,0.0001469880219857019,0.8537336412625096,0.8438498584230701,0.9784449576597383,18.871508359909058
42,1.1210844819433987,0.9244384765625,0.00014087347421931255,0.8514241724403387,0.83918695481362,0.9784449576597383,19.259854078292847
43,1.1019123308360577,0.92919921875,0.0001347741166543959,0.8637413394919169,0.8542870096356434,0.9776751347190146,19.183435440063477
44,1.1019126768223941,0.9281005859375,0.0001287001010696783,0.8745188606620478,0.8643202594154783,0.9776751347190146,19.252070903778076
45,1.095683933235705,0.9298095703125,0.00012266153706466098,0.8637413394919169,0.8535498463509932,0.9792147806004619,19.374871969223022
46,1.0937244850210845,0.9306640625,0.00011666847523318942,0.8668206312548113,0.8568990906345814,0.9745958429561201,19.12880802154541
47,1.1024798811413348,0.9285888671875,0.00011073089043523183,0.867590454195535,0.8552265297582778,0.9799846035411856,19.035494804382324
48,1.0786347812972963,0.93994140625,0.00010485866519470913,0.867590454195535,0.8585133941704366,0.9784449576597383,19.032707691192627
49,1.080643743276596,0.93603515625,9.90615732510092e-05,0.867590454195535,0.8559216734903919,0.9815242494226328,19.026668548583984
50,1.082069565076381,0.93310546875,9.334926329156209e-05,0.867590454195535,0.8638167717106963,0.976905311778291,19.218048334121704
51,1.0590178715065122,0.9434814453125,8.773124289255224e-05,0.8691301000769823,0.8578561369023616,0.976905311778291,19.039276599884033
52,1.0605577169917524,0.9459228515625,8.221686269449608e-05,0.8722093918398768,0.8627853599685842,0.9776751347190146,19.087162733078003
53,1.0554287070408463,0.947021484375,7.681530083902362e-05,0.8729792147806005,0.8620111818654356,0.9807544264819091,19.139078855514526
54,1.0529943071305752,0.947998046875,7.15355476927677e-05,0.867590454195535,0.8594270952159896,0.9792147806004619,18.79686141014099
55,1.0427696211263537,0.950927734375,6.638639088378583e-05,0.8745188606620478,0.8641445262053999,0.9792147806004619,19.091449737548828
56,1.0438668141141534,0.951171875,6.137640067542057e-05,0.8814472671285605,0.8718566175071493,0.9807544264819091,19.037599086761475
57,1.0414653490297496,0.953369140625,5.651391570194199e-05,0.876058506543495,0.8657293675039238,0.9807544264819091,19.205823183059692
58,1.0325857228599489,0.9586181640625,5.1807029089713854e-05,0.8768283294842186,0.867615315999623,0.9815242494226328,18.84675908088684
59,1.027515986468643,0.95654296875,4.7263574986983513e-05,0.8729792147806005,0.8636813738343405,0.9815242494226328,19.184119939804077
60,1.0294582056812942,0.9560546875,4.289111552471527e-05,0.8806774441878368,0.8689734289356968,0.9807544264819091,19.065335512161255
61,1.020422167610377,0.9583740234375,3.8696928230169686e-05,0.8768283294842186,0.8652661526639741,0.9799846035411856,18.959497690200806
62,1.0294044357724488,0.955810546875,3.468799391417767e-05,0.8799076212471132,0.8698460894701955,0.9807544264819091,18.712618112564087
63,1.0258009936660528,0.95654296875,3.087098505226983e-05,0.8814472671285605,0.8710262672149824,0.9792147806004619,18.670993089675903
64,1.0224541737698019,0.959228515625,2.725225467899943e-05,0.8822170900692841,0.8752339784773873,0.9792147806004619,18.80037498474121
65,1.0178254744969308,0.9615478515625,2.3837825813943194e-05,0.8783679753656659,0.8692082433771846,0.9807544264819091,19.1083505153656
66,1.011390095576644,0.9635009765625,2.0633381436979946e-05,0.876058506543495,0.8640478569922897,0.9807544264819091,19.056878089904785
67,1.0058601689524949,0.96484375,1.764425502953119e-05,0.8845265588914549,0.8739740704929239,0.9830638953040801,18.65353751182556
68,1.005435693077743,0.96630859375,1.4875421697507723e-05,0.8745188606620478,0.863838659606037,0.9807544264819091,19.207321882247925
69,1.0076783075928688,0.96484375,1.2331489890736856e-05,0.8775981524249422,0.8658742956749943,0.9822940723633564,19.168925285339355
70,1.0061511895619333,0.96630859375,1.0016693732652441e-05,0.8791377983063895,0.8681972454707304,0.9807544264819091,19.313230514526367
71,0.9983153729699552,0.970947265625,7.934885973014304e-06,0.8783679753656659,0.8674163128557871,0.9815242494226328,19.14069437980652
72,1.0001356322318316,0.967041015625,6.089531575386497e-06,0.8837567359507313,0.873254526913958,0.9815242494226328,19.135707139968872
73,1.0001504751853645,0.9674072265625,4.48370195004738e-06,0.8829869130100076,0.8731277001847148,0.9822940723633564,19.175341606140137
74,0.9997260835953057,0.9678955078125,3.1200698419303617e-06,0.8837567359507313,0.8747857881595746,0.9822940723633564,19.109649896621704
75,0.9894099188968539,0.970703125,2.0009048821036767e-06,0.8799076212471132,0.8698325062647251,0.9807544264819091,19.529162883758545
76,1.0028954530134797,0.966796875,1.128069810193505e-06,0.8829869130100076,0.8731311811685359,0.9815242494226328,19.2388174533844
77,1.0068209995515645,0.96484375,5.030173740376731e-07,0.8806774441878368,0.8716794995985262,0.9815242494226328,18.865784168243408
78,1.0091781127266586,0.9644775390625,1.267879117302528e-07,0.8822170900692841,0.8718019427434142,0.9807544264819091,19.208223342895508
79,1.0012692157179117,0.967041015625,7.620081482473394e-12,0.8814472671285605,0.8719576114169076,0.9815242494226328,19.002145767211914
