label,precision,recall,f1,support
__NOSIGN__,0.0,0.0,0.0,0
Con heo,0.4166666666666667,0.3333333333333333,0.37037037037037035,15
Dơ,0.3888888888888889,0.4666666666666667,0.42424242424242425,15
Chú ý,0.5,0.42857142857142855,0.46153846153846156,14
Nếm,0.6666666666666666,0.5,0.5714285714285714,12
Khóc,0.6428571428571429,0.5294117647058824,0.5806451612903226,17
Xem,0.5263157894736842,0.7142857142857143,0.6060606060606061,14
Không nên,0.7,0.5384615384615384,0.6086956521739131,13
Nhạt,0.6,0.6428571428571429,0.6206896551724138,14
Thú vị,0.8,0.5333333333333333,0.64,15
Thứ sáu,0.8,0.5714285714285714,0.6666666666666666,14
Cô,0.6666666666666666,0.6666666666666666,0.6666666666666666,15
Xôi,0.8888888888888888,0.5333333333333333,0.6666666666666666,15
Dữ,0.5882352941176471,0.8333333333333334,0.6896551724137931,12
Rửa tay,0.6666666666666666,0.75,0.7058823529411765,16
Thơm,0.7333333333333333,0.6875,0.7096774193548387,16
Dễ,0.7142857142857143,0.7142857142857143,0.7142857142857143,21
Tiếp tục,0.7142857142857143,0.7142857142857143,0.7142857142857143,14
Bác,0.8181818181818182,0.6428571428571429,0.72,14
Vở,0.8888888888888888,0.6153846153846154,0.7272727272727273,13
Bánh chưng,0.6875,0.7857142857142857,0.7333333333333333,14
Quán cà phê,0.7142857142857143,0.7692307692307693,0.7407407407407407,13
Màu vàng,0.65,0.8666666666666667,0.7428571428571429,15
Mùa hè,0.9230769230769231,0.631578947368421,0.75,19
Cậu,0.8333333333333334,0.7142857142857143,0.7692307692307693,14
Chị,0.8,0.75,0.7741935483870968,16
Bà nội,0.9,0.6923076923076923,0.782608695652174,13
Cái đèn,0.8461538461538461,0.7333333333333333,0.7857142857142857,15
Bây giờ,0.8461538461538461,0.7333333333333333,0.7857142857142857,15
Anh,1.0,0.6470588235294118,0.7857142857142857,17
Chú,0.7058823529411765,0.9230769230769231,0.8,13
Nói,0.9090909090909091,0.7142857142857143,0.8,14
Nên,0.75,0.8571428571428571,0.8,14
Ăn,0.7777777777777778,0.8235294117647058,0.8,17
Ướt,0.75,0.8823529411764706,0.8108108108108109,17
Làm việc,0.8125,0.8125,0.8125,16
Hát,0.7647058823529411,0.8666666666666667,0.8125,15
Bánh tét,0.8461538461538461,0.7857142857142857,0.8148148148148148,14
Nghe,0.8571428571428571,0.8181818181818182,0.8372093023255814,22
Nắng,0.7619047619047619,0.9411764705882353,0.8421052631578947,17
Tỉnh,0.9166666666666666,0.7857142857142857,0.8461538461538461,14
Ngắn,0.8461538461538461,0.8461538461538461,0.8461538461538461,13
Bố,0.7777777777777778,0.9333333333333333,0.8484848484848485,15
Tủ lạnh,0.8571428571428571,0.8571428571428571,0.8571428571428571,14
Nghề nghiệp,0.7894736842105263,0.9375,0.8571428571428571,16
Màu nâu,0.8571428571428571,0.8571428571428571,0.8571428571428571,14
Mền,0.8,0.9230769230769231,0.8571428571428571,13
Nhẹ,0.8,0.9411764705882353,0.8648648648648649,17
Em,0.8,0.9411764705882353,0.8648648648648649,17
Hẹp,0.8666666666666667,0.8666666666666667,0.8666666666666667,15
Ngọt,0.8125,0.9285714285714286,0.8666666666666667,14
Thích,0.9285714285714286,0.8125,0.8666666666666667,16
Tàu hỏa,0.8125,0.9285714285714286,0.8666666666666667,14
Thức dậy,0.8333333333333334,0.9090909090909091,0.8695652173913043,22
Nhà hàng,0.9166666666666666,0.8461538461538461,0.88,13
Sớm,0.9166666666666666,0.8461538461538461,0.88,13
Đồ dùng,0.9166666666666666,0.8461538461538461,0.88,13
Ngân hàng,0.9166666666666666,0.8461538461538461,0.88,13
Trứng,0.9166666666666666,0.8461538461538461,0.88,13
Bút chì,0.9166666666666666,0.8461538461538461,0.88,13
Chạy,0.9411764705882353,0.8421052631578947,0.8888888888888888,19
Giàu,0.9230769230769231,0.8571428571428571,0.8888888888888888,14
Dài,0.9230769230769231,0.8571428571428571,0.8888888888888888,14
Rộng,0.8571428571428571,0.9230769230769231,0.8888888888888888,13
Cái nồi,0.8666666666666667,0.9285714285714286,0.896551724137931,14
Cái chảo,0.8666666666666667,0.9285714285714286,0.896551724137931,14
Giúp đỡ,0.8125,1.0,0.896551724137931,13
Từ chối,0.8666666666666667,0.9285714285714286,0.896551724137931,14
Cho,0.9333333333333333,0.875,0.9032258064516129,16
Muốn,0.8823529411764706,0.9375,0.9090909090909091,16
Lạnh,0.8823529411764706,0.9375,0.9090909090909091,16
Đồng ý,0.8421052631578947,1.0,0.9142857142857143,16
Giường,0.8421052631578947,1.0,0.9142857142857143,16
Ca sĩ,1.0,0.8461538461538461,0.9166666666666666,13
Nhà,0.9444444444444444,0.8947368421052632,0.918918918918919,19
Rạp chiếu phim,0.9230769230769231,0.9230769230769231,0.9230769230769231,13
Chậm chạp,0.9230769230769231,0.9230769230769231,0.9230769230769231,13
Thời tiết,0.9230769230769231,0.9230769230769231,0.9230769230769231,13
Thành phố,0.9230769230769231,0.9230769230769231,0.9230769230769231,13
Nhà sách,0.9230769230769231,0.9230769230769231,0.9230769230769231,13
Bác sĩ,0.9285714285714286,0.9285714285714286,0.9285714285714286,14
Dì,0.9285714285714286,0.9285714285714286,0.9285714285714286,14
Chìa khóa,0.8666666666666667,1.0,0.9285714285714286,13
Ông ngoại,0.8666666666666667,1.0,0.9285714285714286,13
Ông nội,0.8666666666666667,1.0,0.9285714285714286,13
Uống,0.9285714285714286,0.9285714285714286,0.9285714285714286,14
Taxi,1.0,0.8666666666666667,0.9285714285714286,15
Trung thu,0.8666666666666667,1.0,0.9285714285714286,13
Mùa đông,0.9285714285714286,0.9285714285714286,0.9285714285714286,14
Máy điều hòa,0.9285714285714286,0.9285714285714286,0.9285714285714286,14
Mùa khô,0.8666666666666667,1.0,0.9285714285714286,13
Chủ nhật,1.0,0.8666666666666667,0.9285714285714286,15
Quạt (đứng),0.9333333333333333,0.9333333333333333,0.9333333333333333,15
Ghét,0.875,1.0,0.9333333333333333,14
Gối (đầu),0.875,1.0,0.9333333333333333,14
Tivi,0.875,1.0,0.9333333333333333,14
Đau,0.875,1.0,0.9333333333333333,14
Ô tô,0.9333333333333333,0.9333333333333333,0.9333333333333333,15
Nghỉ ngơi,1.0,0.8823529411764706,0.9375,17
Máy giặt,0.8823529411764706,1.0,0.9375,15
Trường học,1.0,0.8947368421052632,0.9444444444444444,19
Bệnh viện,0.9473684210526315,0.9473684210526315,0.9473684210526315,19
Nhảy dây,1.0,0.9166666666666666,0.9565217391304348,12
Tháng mười một,1.0,0.9230769230769231,0.96,13
Chơi cờ,1.0,0.9230769230769231,0.96,13
Lễ tân,1.0,0.9230769230769231,0.96,13
Công viên,1.0,0.9230769230769231,0.96,13
Bún,1.0,0.9230769230769231,0.96,13
Cái ghế,1.0,0.9230769230769231,0.96,13
Thứ hai,1.0,0.9230769230769231,0.96,13
Lười biếng,1.0,0.9230769230769231,0.96,13
Màu hồng,0.9230769230769231,1.0,0.96,12
Tường,1.0,0.9230769230769231,0.96,13
Vợ,0.9285714285714286,1.0,0.9629629629629629,13
Tháng mười,0.9285714285714286,1.0,0.9629629629629629,13
Siêu thị,0.9285714285714286,1.0,0.9629629629629629,13
Nhanh,0.9285714285714286,1.0,0.9629629629629629,13
Cháu,1.0,0.9285714285714286,0.9629629629629629,14
Trường Đại học,1.0,0.9285714285714286,0.9629629629629629,14
Mùa thu,1.0,0.9285714285714286,0.9629629629629629,14
Gió,1.0,0.9285714285714286,0.9629629629629629,14
Bóng chuyền,0.9285714285714286,1.0,0.9629629629629629,13
Báo cáo,0.9285714285714286,1.0,0.9629629629629629,13
Đẹp (người),1.0,0.9285714285714286,0.9629629629629629,14
Xin lỗi,1.0,0.9285714285714286,0.9629629629629629,14
Nồi cơm điện,0.9333333333333333,1.0,0.9655172413793104,14
Cảm ơn,1.0,0.9411764705882353,0.9696969696969697,17
Xa,1.0,0.9444444444444444,0.9714285714285714,18
Đi,0.9444444444444444,1.0,0.9714285714285714,17
Ngày,0.9473684210526315,1.0,0.972972972972973,18
Nặng,0.9523809523809523,1.0,0.975609756097561,20
Trung Quốc,1.0,1.0,1.0,12
Ngày Quốc tế Phụ nữ,1.0,1.0,1.0,14
Ngày Nhà giáo Việt Nam,1.0,1.0,1.0,15
Mềm,1.0,1.0,1.0,12
Nhà trọ,1.0,1.0,1.0,13
Cái cửa,1.0,1.0,1.0,14
Cái bàn,1.0,1.0,1.0,14
Con chó,1.0,1.0,1.0,13
Cửa sổ,1.0,1.0,1.0,14
Cứng,1.0,1.0,1.0,13
Họ hàng,1.0,1.0,1.0,14
Laptop,1.0,1.0,1.0,12
Làm bài tập,1.0,1.0,1.0,12
Bóng rổ,1.0,1.0,1.0,13
Phơi đồ,1.0,1.0,1.0,13
Tháng hai,1.0,1.0,1.0,12
Tháng mười hai,1.0,1.0,1.0,13
Xe đạp,1.0,1.0,1.0,13
Đẹp (vật),1.0,1.0,1.0,12
Đồng hồ đeo tay,1.0,1.0,1.0,13
