thuc_te,du_doan,so_lan,ti_le
Con heo,Dơ,10,0.6666666666666666
Dơ,Con heo,7,0.4666666666666667
Thứ sáu,Màu vàng,6,0.42857142857142855
Nếm,Dữ,5,0.4166666666666667
Thú vị,Rửa tay,5,0.3333333333333333
Chú ý,Xem,4,0.2857142857142857
Không nên,Nên,4,0.3076923076923077
Khóc,Xem,4,0.23529411764705882
Chị,Cô,4,0.25
Bây giờ,Nhẹ,4,0.26666666666666666
Bánh tét,Bánh chưng,3,0.21428571428571427
Làm việc,Nghề nghiệp,3,0.1875
Mùa hè,Nắng,3,0.15789473684210525
Dễ,Nhạt,3,0.14285714285714285
Cô,Chị,3,0.2
Vở,Giúp đỡ,3,0.23076923076923078
Xôi,Ướt,3,0.2
Thơm,Nhạt,3,0.1875
Xem,Chú ý,3,0.21428571428571427
Chú ý,Khóc,2,0.14285714285714285
